CNN,https://www.cnn.com
NBC News,https://www.nbcnews.com
ABC News,https://abcnews.go.com
CBS News,https://www.cbsnews.com
Fox News,https://www.foxnews.com
The New York Times,https://www.nytimes.com
The Washington Post,https://www.washingtonpost.com
NPR,https://www.npr.org
PBS NewsHour,https://www.pbs.org/newshour
Reuters,https://www.reuters.com
Associated Press (AP),https://apnews.com
Bloomberg,https://www.bloomberg.com
Politico,https://www.politico.com
USA Today,https://www.usatoday.com
The Guardian (U.S. Edition),https://www.theguardian.com/us
The Hill,https://thehill.com
Vox,https://www.vox.com
Axios,https://www.axios.com
ProPublica,https://www.propublica.org
STAT News,https://www.statnews.com
Healthline,https://www.healthline.com
Kaiser Health News,https://khn.org
MedPage Today,https://www.medpagetoday.com
The Atlantic,https://www.theatlantic.com
The Wall Street Journal,https://www.wsj.com
Time Magazine,https://time.com
Newsweek,https://www.newsweek.com
Forbes,https://www.forbes.com
Business Insider,https://www.businessinsider.com
The Daily Beast,https://www.thedailybeast.com
BuzzFeed News,https://www.buzzfeednews.com
The Huffington Post,https://www.huffpost.com
Vice News,https://www.vice.com
Slate,https://slate.com
The Los Angeles Times,https://www.latimes.com
The Boston Globe,https://www.bostonglobe.com
The Chicago Tribune,https://www.chicagotribune.com
The Philadelphia Inquirer,https://www.inquirer.com
The Detroit Free Press,https://www.freep.com
The Miami Herald,https://www.miamiherald.com
The Dallas Morning News,https://www.dallasnews.com
The Denver Post,https://www.denverpost.com
The Seattle Times,https://www.seattletimes.com
The San Francisco Chronicle,https://www.sfchronicle.com
The Tampa Bay Times,https://www.tampabay.com
U.S. News & World Report,https://www.usnews.com
Scientific American,https://www.scientificamerican.com
Nature News,https://www.nature.com
The New Yorker,https://www.newyorker.com
The Christian Science Monitor,https://www.csmonitor.com
